[
    {
        "Nama Pelanggan": null,
        "Jenis Kendaraan": null,
        "Jarak (km)": "5",
        "Nomer HP": null,
        "Total Biaya": 0
    },
    {
        "Nama Pelanggan": null,
        "Jenis Kendaraan": null,
        "Jarak (km)": "5",
        "Nomer HP": null,
        "Total Biaya": 0
    },
    {
        "Nama Pelanggan": null,
        "Jenis Kendaraan": null,
        "Jarak (km)": "5",
        "Nomer HP": null,
        "Total Biaya": 0
    },
    {
        "Nama Pelanggan": null,
        "Jenis Kendaraan": null,
        "Jarak (km)": "5",
        "Nomer HP": null,
        "Total Biaya": 0
    },
    {
        "Nama Pelanggan": null,
        "Jenis Kendaraan": null,
        "Jarak (km)": "1",
        "Nomer HP": null,
        "Total Biaya": 0
    },
    {
        "Nama Pelanggan": null,
        "Jenis Kendaraan": null,
        "Jarak (km)": "1",
        "Nomer HP": null,
        "Total Biaya": 0
    }
]